{"cameraMode":{"drawMode":0,"name":"Shaded","section":"Shading Mode"},"sceneLighting":false,"audioPlay":false,"sceneViewState":{"m_AlwaysRefresh":false,"showFog":true,"showSkybox":false,"showFlares":true,"showImageEffects":true,"showParticleSystems":true,"showVisualEffectGraphs":true,"m_FxEnabled":true},"in2DMode":false,"pivot":{"x":0.02490001916885376,"y":-0.007100000977516174,"z":-0.12124991416931153},"rotation":{"x":0.3260803818702698,"y":0.11054855585098267,"z":-0.03835327923297882,"w":0.9381774663925171},"size":1.4782124757766724,"orthographic":false}